FAX (661) 726-0673,  Service Intake (661) 948-7655
FAX (661) 952-1220,  Service Intake and Administration (661) 952-1200
Service Intake and Administration (562) 907-5900
FAX (562) 947-7874,  Service Intake (562) 943-0211
FAX (626) 299-7010,  Service Intake (626) 299-7000
Service Intake and Administration (818) 880-4000
Service Intake (661) 948-4661
Service Intake (310) 639-4321
Service Intake and Administration (310) 639-4321,  Service Intake (310) 898-6008
Service Intake (310) 886-1600, Lindberg School Service Intake (310) 603-1521, Will Rogers School Service Intake (310) 603-1542
FAX (310) 376-4974,  Service Intake and Administration (310) 937-5877
FAX (562) 699-3395,  Service Intake (562) 692-0271
FAX (310) 643-7659,  Service Intake and Administration (310) 643-3025
Head Start Service Intake (626) 599-5120,  Service Intake and Administration (626) 599-5000,  FAX (626) 599-5072
FAX (626) 548-5022,  Service Intake (626) 548-5000
FAX (310) 675-8286,  Service Intake and Administration (310) 263-3200
FAX (562) 602-8081,  Service Intake (562) 602-8080,  Service Intake and Administration (562) 602-6000, Student Services Service Intake (562) 602-6035
FAX (626) 974-7061, Family Literacy Program Service Intake (626) 974-7600 Ext.2109,  Service Intake and Administration (626) 974-7600
Service Intake (626) 444-9005
Service Intake and Administration (310) 263-3900,  Service Intake and Administration (310) 676-2276,  FAX (310) 263-3937
District Office Service Intake (661) 294-5300
FAX (661) 257-5737,  Service Intake and Administration (661) 257-4500
Service Intake (661) 264-1111
FAX (310) 303-3822, Preschool Service Intake (310) 546-7655,  Service Intake (310) 318-7345
School Readiness Service Intake (562) 623-7113,  Service Intake (562) 868-0431
FAX (626) 967-9580,  Service Intake (626) 966-8331
Adult School Service Intake (310) 551-5150,  Service Intake and Administration (310) 551-5100
Service Intake (626) 441-5810
Service Intake and Administration (626) 471-2000
FAX (310) 798-8610,  Service Intake (310) 379-5449
FAX (626) 451-5494,  Service Intake (626) 451-5400
Apprenticeship Service Intake (213) 241-3161, Industrial Business Education Service Intake (213) 241-3160, CalWORKS (GAIN) Service Intake (213) 241-3156, Career Development Programs Service Intake (213) 241-3535, Carl Perkins (Displaced Homemaker) Program
Administrative (626) 931-3000, School Health Services Service Intake and Administration (626) 931-3051
Child Care Service Intake (909) 444-3460,  Service Intake and Administration (909) 595-1261, Business Office FAX (909) 831-1212,  FAX (909) 444-3435
FAX (562) 404-1092,  Service Intake (562) 926-5566
School Readiness Service Intake (562) 801-5117,  Service Intake and Administration (562) 942-1500,  FAX (562) 801-5220
Service Intake (626) 652-4000
FAX (310) 640-8272,  Service Intake (310) 615-2650
Service Intake (626) 821-8300
FAX (909) 397-4881, Special Education Administrative (909) 397-5091 Ext.3743,  Service Intake (909) 397-4800
FAX (909) 398-0690,  Service Intake and Administration (909) 398-0609
Adult School Information Service Intake (661) 253-0583,  FAX (662) 254-8653,  Service Intake (661) 259-0033
Service Intake (323) 887-7900 Ext.2272,  Administrative (562) 806-7900
Service Intake (661) 269-0750,  FAX (661) 269-0849
FAX (562) 469-6515,  Service Intake and Administration (562) 904-3500,  Service Intake and Administration (562) 469-6500
FAX (626) 939-4701,  Service Intake (626) 939-4600
FAX (626) 442-1063,  Service Intake (626) 453-3700
Service Intake (562) 698-8121 Ext.3000
Service Intake and Administration (562) 698-8121
Service Intake and Administration (626) 962-3311,  FAX (626) 856-4901
FAX (661) 724-1485,  Service Intake and Administration (661) 724-1231
Service Intake (661) 722-0716
Service Intake and Administration (562) 866-9011, Head Start Service Intake (562) 461-2227
After 4:30pm, Monday-Friday Emergency (661) 947-6871,  Service Intake (661) 947-7191
Service Intake and Administration (310) 937-5888
Youth Employment Service Intake (626) 568-4549, Child Development Dept. Service Intake and Administration (626) 568-4594 Ext.350,  Service Intake and Administration (626) 396-3600, Families in Transition Program Service Intake (626) 396-3698
FAX (562) 944-9659,  Service Intake (562) 944-6231
FAX (213) 241-3350, Children's Health Access Medi-Cal Program-CHAMP Hotline Talkline Warmline (866) 742-2273,  Service Intake and Administration (213) 241-0100
Children's Health Access Medi-Cal Program-CHAMP Hotline Talkline Warmline (866) 742-2273,  Service Intake and Administration (310) 914-2100,  FAX (310) 445-4785
Children's Health Access Medi-Cal Program-CHAMP Hotline Talkline Warmline (866) 742-2273,  FAX (323) 222-5702,  Service Intake and Administration (323) 224-3100
Children's Health Access Medi-Cal Program-CHAMP Hotline Talkline Warmline (866) 742-2273,  FAX (310) 532-4674,  Service Intake and Administration (310) 354-3400
FAX (626) 575-1534,  Service Intake and Administration (626) 580-0610
Child Development Services Service Intake (310) 399-5865,  Service Intake (310) 450-8338
FAX (818) 729-4483,  Service Intake (818) 729-4400
Service Intake and Administration (818) 241-3111
FAX (661) 252-3589,  Service Intake (661) 252-5131
Children's Health Access Medi-Cal Program-CHAMP Hotline Talkline Warmline (866) 742-2273, District Directory Assistance Information Only (213) 241-1000, Parent Resource Network Complaints Response Service Intake and Hotline (800) 933-8133, Adult Education
Service Intake and Administration (310) 419-2700
Service Intake and Administration (818) 952-8300,  FAX (818) 952-8309
Children's Health Access Medi-Cal Program-CHAMP Hotline Talkline Warmline (866) 742-2273,  FAX (818) 881-6728,  Service Intake and Administration (818) 654-3600
Workforce Service Intake (213) 637-3135,  Administrative (562) 922-6111, Communications Office Service Intake (562) 922-6360,  TDD (562) 803-8411,  FAX (562) 922-6768
FAX (626) 854-8302,  Service Intake and Administration (626) 965-2541
Preschool Program Service Intake (909) 971-8330 Ext.5361,  Service Intake (909) 971-8200
FAX (626) 858-6123,  Service Intake (626) 967-6211
Service Intake (310) 378-9966,  FAX (310) 378-0732
Service Intake (626) 307-3400,  Administrative (626) 307-3444,  FAX (626) 307-1964
FAX (562) 868-1192,  Service Intake (562) 868-8241
Service Intake (626) 312-2900,  FAX (626) 312-2906
Service Intake and Administration (661) 944-2155
Service Intake and Administration (661) 291-4000
Service Intake and Administration (310) 842-4220,  FAX (310) 842-4205
Service Intake and Administration (310) 695-4000, School Readiness Service Intake (310) 680-8990
Service Intake and Administration (310) 973-1300,  FAX (310) 675-6462, Preschool School Readiness Program Service Intake and Administration (310) 644-8458
Service Intake (562) 789-3000
Teen Parent Project - Workman High School Service Intake and Administration (626) 933-8800, General line Service Intake and Administration (626) 933-1000